{
  "_fv": 6,
  "_type": "armor",
  "definition": {
    "enableHelmet": true,
    "textureHelmet": "apple_armor",
    "enableBody": true,
    "textureBody": "apple_armor_chest",
    "enableLeggings": true,
    "textureLeggings": "apple_armor_leginth",
    "enableBoots": true,
    "textureBoots": "apple_armor_booth",
    "creativeTab": {
      "value": "CUSTOM:Foodscraft"
    },
    "armorTextureFile": "apple_armor_texture",
    "helmetName": "Applearmor Helmet",
    "bodyName": "Applearmor Body",
    "leggingsName": "Applearmor Leggings",
    "bootsName": "Applearmor Boots",
    "helmetModelName": "Default",
    "helmetModelPart": "Helmet",
    "helmetModelTexture": "From armor",
    "bodyModelName": "Default",
    "bodyModelPart": "Body",
    "bodyModelTexture": "From armor",
    "leggingsModelName": "Default",
    "leggingsModelPartL": "Leggings L",
    "leggingsModelPartR": "Leggings R",
    "leggingsModelTexture": "From armor",
    "bootsModelName": "Default",
    "bootsModelPartL": "Boots L",
    "bootsModelPartR": "Boots R",
    "bootsModelTexture": "From armor",
    "maxDamage": 3,
    "damageValueHelmet": 1,
    "damageValueBody": 2,
    "damageValueLeggings": 1,
    "damageValueBoots": 1,
    "enchantability": 5,
    "toughness": 0.0
  }
}