{
  "_fv": 6,
  "_type": "gun",
  "definition": {
    "renderType": 0,
    "texture": "bread bow",
    "customModelName": "Normal",
    "name": "Breadbow",
    "creativeTab": {
      "value": "CUSTOM:Foodscraft"
    },
    "stackSize": 1,
    "ammoItem": {
      "value": "CUSTOM:Wheatarrow"
    },
    "shootConstantly": false,
    "usageCount": 32,
    "actionSound": {
      "value": "entity.arrow.shoot"
    },
    "hasGlow": false,
    "enableMeleeDamage": false,
    "damageVsEntity": 2.0,
    "bulletPower": 1.0,
    "bulletDamage": 0.8,
    "bulletKnockback": 0,
    "bulletParticles": false,
    "bulletIgnitesFire": false,
    "bulletItemTexture": {
      "value": "CUSTOM:Wheatarrow"
    },
    "bulletModel": "Default",
    "customBulletModelTexture": "",
    "onBulletHitsBlock": {
      "name": "BreadbowBulletHitsBlock"
    }
  }
}