{
  "_fv": 6,
  "_type": "tool",
  "definition": {
    "renderType": 0,
    "texture": "bread_blade",
    "customModelName": "Normal",
    "name": "Breadblade",
    "creativeTab": {
      "value": "CUSTOM:Foodscraft"
    },
    "toolType": "Sword",
    "harvestLevel": 0,
    "efficiency": 2.0,
    "attackSpeed": 2.8,
    "enchantability": 2,
    "damageVsEntity": 3.0,
    "usageCount": 50,
    "blocksAffected": [],
    "hasGlow": false,
    "repairItems": [],
    "onRightClickedInAir": {
      "name": "BreadbladeRightClickedInAir"
    },
    "onRightClickedOnBlock": {
      "name": "BreadbladeRightClickedInAir"
    }
  }
}