{
  "_fv": 6,
  "_type": "armor",
  "definition": {
    "enableHelmet": true,
    "textureHelmet": "bread_armor_head",
    "enableBody": true,
    "textureBody": "bread_armor_body",
    "enableLeggings": true,
    "textureLeggings": "bread_armor_leggings",
    "enableBoots": true,
    "textureBoots": "bread_armor_boots",
    "creativeTab": {
      "value": "CUSTOM:Foodscraft"
    },
    "armorTextureFile": "bread_armor",
    "helmetName": "Breadarmor Helmet",
    "bodyName": "Breadarmor Body",
    "leggingsName": "Breadarmor Leggings",
    "bootsName": "Breadarmor Boots",
    "helmetModelName": "Default",
    "helmetModelPart": "Helmet",
    "helmetModelTexture": "From armor",
    "bodyModelName": "Default",
    "bodyModelPart": "Body",
    "bodyModelTexture": "From armor",
    "leggingsModelName": "Default",
    "leggingsModelPartL": "Leggings L",
    "leggingsModelPartR": "Leggings R",
    "leggingsModelTexture": "From armor",
    "bootsModelName": "Default",
    "bootsModelPartL": "Boots L",
    "bootsModelPartR": "Boots R",
    "bootsModelTexture": "From armor",
    "maxDamage": 5,
    "damageValueHelmet": 1,
    "damageValueBody": 3,
    "damageValueLeggings": 2,
    "damageValueBoots": 2,
    "enchantability": 6,
    "toughness": 0.0
  }
}