{
  "_fv": 6,
  "_type": "tool",
  "definition": {
    "renderType": 0,
    "texture": "carrot_pickaxe",
    "customModelName": "Normal",
    "name": "Carrotpickaxe",
    "creativeTab": {
      "value": "CUSTOM:Foodscraft"
    },
    "toolType": "Pickaxe",
    "harvestLevel": 1,
    "efficiency": 2.0,
    "attackSpeed": 2.8,
    "enchantability": 1,
    "damageVsEntity": 1.5,
    "usageCount": 47,
    "blocksAffected": [],
    "hasGlow": false,
    "repairItems": [],
    "onRightClickedInAir": {
      "name": "CarrotpickaxeRightClickedInAir"
    },
    "onRightClickedOnBlock": {
      "name": "CarrotpickaxeRightClickedInAir"
    }
  }
}