{
  "_fv": 6,
  "_type": "gui",
  "definition": {
    "type": 1,
    "width": 352,
    "height": 332,
    "renderBgLayer": true,
    "components": [
      {
        "type": "inputslot",
        "data": {
          "inputLimit": {
            "value": "CUSTOM:Knife"
          },
          "id": 0,
          "name": "Slot #0",
          "x": 310,
          "y": 132
        }
      },
      {
        "type": "inputslot",
        "data": {
          "inputLimit": {
            "value": ""
          },
          "id": 1,
          "name": "Slot #1",
          "x": 408,
          "y": 132
        }
      },
      {
        "type": "outputslot",
        "data": {
          "id": 3,
          "name": "Slot #3",
          "x": 534,
          "y": 150
        }
      },
      {
        "type": "label",
        "data": {
          "text": "Chopping board",
          "color": {
            "value": -16777216,
            "falpha": 0.0
          },
          "name": "Chopping board",
          "x": 265,
          "y": 84
        }
      },
      {
        "type": "label",
        "data": {
          "text": "knife",
          "color": {
            "value": -16777216,
            "falpha": 0.0
          },
          "name": "knife",
          "x": 300,
          "y": 168
        }
      },
      {
        "type": "label",
        "data": {
          "text": "food",
          "color": {
            "value": -16777216,
            "falpha": 0.0
          },
          "name": "food",
          "x": 408,
          "y": 168
        }
      },
      {
        "type": "outputslot",
        "data": {
          "id": 2,
          "name": "Slot #2",
          "x": 534,
          "y": 114
        }
      },
      {
        "type": "label",
        "data": {
          "text": "Completed item",
          "color": {
            "value": -16777216,
            "falpha": 0.0
          },
          "name": "Completed item",
          "x": 462,
          "y": 186
        }
      },
      {
        "type": "button",
        "data": {
          "text": "cook",
          "onClick": {
            "name": "ChoppingboardButtonCricked"
          },
          "width": 49,
          "height": 40,
          "name": "cook",
          "x": 464,
          "y": 129
        }
      }
    ]
  }
}