{
  "_fv": 6,
  "_type": "recipe",
  "definition": {
    "recipeType": "Crafting",
    "xpReward": 0.0,
    "recipeRetstackSize": 1,
    "group": "",
    "recipeShapeless": false,
    "recipeSlots": [
      {
        "value": ""
      },
      {
        "value": ""
      },
      {
        "value": "CUSTOM:ChorusFruitIngot"
      },
      {
        "value": ""
      },
      {
        "value": ""
      },
      {
        "value": "CUSTOM:ChorusFruitIngot"
      },
      {
        "value": ""
      },
      {
        "value": ""
      },
      {
        "value": "Items.STICK"
      }
    ],
    "recipeReturnStack": {
      "value": "CUSTOM:ChorusFruitsword"
    },
    "name": "chorusfruitswordrecipe2",
    "namespace": "mod"
  }
}