{
  "_fv": 6,
  "_type": "gui",
  "definition": {
    "type": 1,
    "width": 352,
    "height": 332,
    "renderBgLayer": true,
    "components": [
      {
        "type": "inputslot",
        "data": {
          "inputLimit": {
            "value": ""
          },
          "id": 0,
          "name": "Slot #0",
          "x": 462,
          "y": 114
        }
      },
      {
        "type": "outputslot",
        "data": {
          "id": 1,
          "name": "Slot #1",
          "x": 408,
          "y": 168
        }
      },
      {
        "type": "button",
        "data": {
          "text": "filter",
          "onClick": {
            "name": "ColanderAndBowlButtonClicked"
          },
          "width": 72,
          "height": 40,
          "name": "filter",
          "x": 300,
          "y": 168
        }
      },
      {
        "type": "label",
        "data": {
          "text": "Input",
          "color": {
            "value": -16777216,
            "falpha": 0.0
          },
          "name": "Input",
          "x": 498,
          "y": 114
        }
      },
      {
        "type": "label",
        "data": {
          "text": "Output",
          "color": {
            "value": -16777216,
            "falpha": 0.0
          },
          "name": "Output",
          "x": 444,
          "y": 168
        }
      },
      {
        "type": "inputslot",
        "data": {
          "inputLimit": {
            "value": "Items.GLASS_BOTTLE"
          },
          "id": 2,
          "name": "Slot #2",
          "x": 354,
          "y": 114
        }
      },
      {
        "type": "label",
        "data": {
          "text": "Bottle",
          "color": {
            "value": -16777216,
            "falpha": 0.0
          },
          "name": "Bottle",
          "x": 390,
          "y": 114
        }
      },
      {
        "type": "label",
        "data": {
          "text": "ColanderAndBowl",
          "color": {
            "value": -16777216,
            "falpha": 0.0
          },
          "name": "ColanderAndBowl",
          "x": 264,
          "y": 78
        }
      }
    ]
  }
}