{
  "_fv": 6,
  "_type": "block",
  "definition": {
    "texture": "planks_birch",
    "textureTop": "",
    "textureLeft": "",
    "textureFront": "",
    "textureRight": "",
    "textureBack": "",
    "renderType": 2,
    "customModelName": "colander_and_bowl:default",
    "rotationMode": 3,
    "hasTransparency": true,
    "transparencyType": "SOLID",
    "mx": 0.01,
    "my": 0.0,
    "mz": 0.01,
    "Mx": 0.99,
    "My": 1.0,
    "Mz": 0.99,
    "faceShape": "SOLID",
    "name": "Colanderandbowl",
    "specialInfo": [],
    "hardness": 1.0,
    "resistance": 10.0,
    "hasGravity": false,
    "creativeTab": {
      "value": "CUSTOM:Foodscraft"
    },
    "destroyTool": "axe",
    "affectedBySilkTouch": true,
    "customDrop": {
      "value": ""
    },
    "dropAmount": 1,
    "isBeaconBase": false,
    "enchantPowerBonus": 0.0,
    "plantsGrowOn": false,
    "canProvidePower": false,
    "lightOpacity": 0,
    "material": {
      "value": "WOOD"
    },
    "tickRate": 10,
    "tickRandomly": false,
    "isReplaceable": false,
    "colorOnMap": "DEFAULT",
    "creativePickItem": {
      "value": ""
    },
    "flammability": 0,
    "fireSpreadSpeed": 0,
    "isLadder": false,
    "slipperiness": 0.6,
    "reactionToPushing": "NORMAL",
    "isNotColidable": false,
    "soundOnStep": {
      "value": "WOOD"
    },
    "luminance": 0.0,
    "unbreakable": false,
    "breakHarvestLevel": 1,
    "spawnParticles": false,
    "particleToSpawn": {
      "value": "EXPLOSION_NORMAL"
    },
    "particleSpawningShape": "Spread",
    "particleSpawningRadious": 0.5,
    "particleAmount": 4,
    "particleSpawningCondition": "ALWAYS",
    "hasInventory": true,
    "openGUIOnRightClick": false,
    "inventorySize": 3,
    "inventoryStackSize": 64,
    "inventoryDropWhenDestroyed": true,
    "inventoryComparatorPower": true,
    "inventoryOutSlotIDs": [],
    "onRightClicked": {
      "name": "ColanderandbowlOnBlockRightClicked"
    },
    "spawnWorldTypes": [],
    "restrictionBiomes": [],
    "blocksToReplace": [
      {
        "value": "Blocks.STONE"
      }
    ],
    "frequencyPerChunks": 10,
    "frequencyOnChunk": 16,
    "minGenerateHeight": 0,
    "maxGenerateHeight": 64
  }
}