{
  "_fv": 6,
  "_type": "recipe",
  "definition": {
    "recipeType": "Crafting",
    "xpReward": 0.0,
    "recipeRetstackSize": 1,
    "recipeShapeless": false,
    "recipeSlots": [
      {
        "value": "Blocks.PLANKS"
      },
      {
        "value": "Items.BOWL"
      },
      {
        "value": "Blocks.PLANKS"
      },
      {
        "value": "Blocks.PLANKS"
      },
      {
        "value": "Items.STRING"
      },
      {
        "value": "Blocks.PLANKS"
      },
      {
        "value": "Blocks.PLANKS"
      },
      {
        "value": "Items.BOWL"
      },
      {
        "value": "Blocks.PLANKS"
      }
    ],
    "recipeReturnStack": {
      "value": "CUSTOM:Colanderandbowl"
    },
    "name": "colanderandbowlrecipe",
    "namespace": "mod"
  }
}