{
  "_fv": 6,
  "_type": "food",
  "definition": {
    "renderType": 0,
    "texture": "glycoalkaloids",
    "customModelName": "Normal",
    "name": "Glycoalkaloids",
    "creativeTab": {
      "value": "CUSTOM:Foodscraft"
    },
    "stackSize": 1,
    "nutritionalValue": 0,
    "saturation": 0.0,
    "eatingSpeed": 32,
    "forDogs": false,
    "isAlwaysEdible": false,
    "animation": "drink",
    "hasGlow": false,
    "onEaten": {
      "name": "GlycoalkaloidsPotionStartedapplied"
    }
  }
}