{
  "_fv": 6,
  "_type": "tool",
  "definition": {
    "renderType": 0,
    "texture": "glycoalkaloidspaintedsword",
    "customModelName": "Normal",
    "name": "Glycoalkaloids Painted Sword",
    "creativeTab": {
      "value": "CUSTOM:Foodscraft"
    },
    "toolType": "Sword",
    "harvestLevel": 1,
    "efficiency": 4.0,
    "attackSpeed": 1.0,
    "enchantability": 2,
    "damageVsEntity": 6.0,
    "usageCount": 125,
    "blocksAffected": [],
    "hasGlow": false,
    "repairItems": [
      {
        "value": "Items.IRON_INGOT"
      }
    ],
    "onEntityHitWith": {
      "name": "GlycoalkaloidsPaintedSwordMobIsHitWithTool"
    }
  }
}