{
  "_fv": 6,
  "_type": "tool",
  "definition": {
    "renderType": 0,
    "texture": "heatorb",
    "customModelName": "Normal",
    "name": "Heart Orb",
    "creativeTab": {
      "value": "CUSTOM:Foodscraft"
    },
    "toolType": "Sword",
    "harvestLevel": 0,
    "efficiency": 0.0,
    "attackSpeed": 100.0,
    "enchantability": 0,
    "damageVsEntity": 1.0,
    "usageCount": 6000,
    "blocksAffected": [],
    "hasGlow": true,
    "repairItems": [],
    "onItemInUseTick": {
      "name": "HeartOrbToolInHandTick"
    }
  }
}