{
  "_fv": 6,
  "_type": "recipe",
  "definition": {
    "recipeType": "Crafting",
    "xpReward": 0.0,
    "recipeRetstackSize": 1,
    "group": "",
    "recipeShapeless": false,
    "recipeSlots": [
      {
        "value": "Blocks.DIAMOND_BLOCK"
      },
      {
        "value": "CUSTOM:BeetrootHeart"
      },
      {
        "value": "Blocks.DIAMOND_BLOCK"
      },
      {
        "value": "CUSTOM:BeetrootHeart"
      },
      {
        "value": "Items.SLIME_BALL"
      },
      {
        "value": "CUSTOM:BeetrootHeart"
      },
      {
        "value": "Blocks.DIAMOND_BLOCK"
      },
      {
        "value": "CUSTOM:BeetrootHeart"
      },
      {
        "value": "Blocks.DIAMOND_BLOCK"
      }
    ],
    "recipeReturnStack": {
      "value": "CUSTOM:HeartOrb"
    },
    "name": "heartorbrecipe",
    "namespace": "mod"
  }
}