{
  "_fv": 6,
  "_type": "tool",
  "definition": {
    "renderType": 0,
    "texture": "heartsword",
    "customModelName": "Normal",
    "name": "Heartsword",
    "creativeTab": {
      "value": "CUSTOM:Foodscraft"
    },
    "toolType": "Sword",
    "harvestLevel": 1,
    "efficiency": 4.0,
    "attackSpeed": 1.0,
    "enchantability": 2,
    "damageVsEntity": 5.0,
    "usageCount": 50,
    "blocksAffected": [],
    "hasGlow": false,
    "repairItems": [],
    "onItemInUseTick": {
      "name": "HeartswordToolInInventoryTick"
    }
  }
}