{
  "_fv": 6,
  "_type": "tool",
  "definition": {
    "renderType": 0,
    "texture": "swordfruitchorus",
    "customModelName": "Normal",
    "name": "ChorusFruit sword",
    "creativeTab": {
      "value": "CUSTOM:Foodscraft"
    },
    "toolType": "Sword",
    "harvestLevel": 1,
    "efficiency": 4.0,
    "attackSpeed": 1.0,
    "enchantability": 2,
    "damageVsEntity": 4.0,
    "usageCount": 1,
    "blocksAffected": [],
    "hasGlow": false,
    "repairItems": [
      {
        "value": "Items.CHORUS_FRUIT"
      }
    ],
    "onRightClickedInAir": {
      "name": "SwordFruitChourusRightClickedInAir"
    },
    "onRightClickedOnBlock": {
      "name": "SwordFruitChourusRightClickedInAir"
    },
    "onEntityHitWith": {
      "name": "SwordFruitChorusMobIsHitWhithTool"
    }
  }
}