{
  "_fv": 6,
  "_type": "item",
  "definition": {
    "renderType": 1,
    "texture": "wheat arrow",
    "customModelName": "wheat_arrow:default",
    "name": "Wheatarrow",
    "creativeTab": {
      "value": "CUSTOM:Foodscraft"
    },
    "stackSize": 64,
    "enchantability": 0,
    "useDuration": 0,
    "toolType": 1.0,
    "damageCount": 0,
    "destroyAnyBlock": false,
    "stayInGridWhenCrafting": false,
    "enableMeleeDamage": false,
    "damageVsEntity": 5.0,
    "specialInfo": [],
    "hasGlow": false
  }
}