{
  "_fv": 6,
  "_type": "recipe",
  "definition": {
    "recipeType": "Crafting",
    "xpReward": 0.0,
    "recipeRetstackSize": 18,
    "recipeShapeless": true,
    "recipeSlots": [
      {
        "value": ""
      },
      {
        "value": ""
      },
      {
        "value": ""
      },
      {
        "value": ""
      },
      {
        "value": "Blocks.HAY_BLOCK"
      },
      {
        "value": ""
      },
      {
        "value": ""
      },
      {
        "value": "Blocks.HAY_BLOCK"
      },
      {
        "value": ""
      }
    ],
    "recipeReturnStack": {
      "value": "CUSTOM:Wheatarrow"
    },
    "name": "wheatarrowrecipe",
    "namespace": "mod"
  }
}