{
	"credit": "Made with Blockbench",
	"textures": {
		"0": "blocks/cake_bottom",
		"1": "blocks/cake_side",
		"2": "blocks/cake_top",
		"particle": "blocks/cake_bottom"
	},
	"elements": [
		{
			"from": [0, 0, 4],
			"to": [16, 16, 7],
			"faces": {
				"north": {"uv": [1, 1, 15, 15], "texture": "#2"},
				"east": {"uv": [1, 8, 15, 16], "rotation": 90, "texture": "#1"},
				"south": {"uv": [1, 1, 15, 15], "texture": "#0"},
				"west": {"uv": [1, 8, 15, 16], "rotation": 270, "texture": "#1"},
				"up": {"uv": [1, 8, 15, 16], "texture": "#1"},
				"down": {"uv": [1, 8, 15, 16], "rotation": 180, "texture": "#1"}
			}
		},
		{
			"from": [5.5, 7.25, 7],
			"to": [6.5, 8.75, 9],
			"faces": {
				"north": {"uv": [5, 5, 7, 6.5], "texture": "#0"},
				"east": {"uv": [5, 5, 7, 6.5], "texture": "#0"},
				"south": {"uv": [5, 5, 7, 6.5], "texture": "#0"},
				"west": {"uv": [5, 5, 7, 6.5], "texture": "#0"},
				"up": {"uv": [5, 5, 7, 6.5], "texture": "#0"},
				"down": {"uv": [5, 5, 7, 6.5], "texture": "#0"}
			}
		},
		{
			"from": [9.5, 7.25, 7],
			"to": [10.5, 8.75, 9],
			"faces": {
				"north": {"uv": [7, 5, 9, 6.5], "texture": "#0"},
				"east": {"uv": [7, 5, 9, 6.5], "texture": "#0"},
				"south": {"uv": [7, 5, 9, 6.5], "texture": "#0"},
				"west": {"uv": [7, 5, 9, 6.5], "texture": "#0"},
				"up": {"uv": [7, 5, 9, 6.5], "texture": "#0"},
				"down": {"uv": [7, 5, 9, 6.5], "texture": "#0"}
			}
		},
		{
			"from": [5.5, 7.25, 9],
			"to": [10.5, 8.75, 9.25],
			"faces": {
				"north": {"uv": [5, 6, 10, 7.5], "texture": "#0"},
				"east": {"uv": [5, 6, 10, 7.5], "texture": "#0"},
				"south": {"uv": [5, 6, 10, 7.5], "texture": "#0"},
				"west": {"uv": [5, 6, 10, 7.5], "texture": "#0"},
				"up": {"uv": [5, 6, 10, 7.5], "texture": "#0"},
				"down": {"uv": [5, 6, 10, 7.5], "texture": "#0"}
			}
		},
		{
			"from": [2.25, 5.75, 2.5],
			"to": [4.55, 8.05, 4],
			"faces": {
				"north": {"uv": [11, 8, 13, 10], "texture": "#2"},
				"east": {"uv": [11, 8, 13, 10], "texture": "#2"},
				"south": {"uv": [11, 8, 13, 10], "texture": "#2"},
				"west": {"uv": [11, 8, 13, 10], "texture": "#2"},
				"up": {"uv": [11, 8, 13, 10], "texture": "#2"},
				"down": {"uv": [11, 8, 13, 10], "texture": "#2"}
			}
		},
		{
			"from": [6.84, 6.84, 2.5],
			"to": [9.14, 9.14, 4],
			"faces": {
				"north": {"uv": [11, 8, 13, 10], "texture": "#2"},
				"east": {"uv": [11, 8, 13, 10], "texture": "#2"},
				"south": {"uv": [11, 8, 13, 10], "texture": "#2"},
				"west": {"uv": [11, 8, 13, 10], "texture": "#2"},
				"up": {"uv": [11, 8, 13, 10], "texture": "#2"},
				"down": {"uv": [11, 8, 13, 10], "texture": "#2"}
			}
		},
		{
			"from": [11.4, 10.28, 2.5],
			"to": [13.7, 12.58, 4],
			"faces": {
				"north": {"uv": [11, 8, 13, 10], "texture": "#2"},
				"east": {"uv": [11, 8, 13, 10], "texture": "#2"},
				"south": {"uv": [11, 8, 13, 10], "texture": "#2"},
				"west": {"uv": [11, 8, 13, 10], "texture": "#2"},
				"up": {"uv": [11, 8, 13, 10], "texture": "#2"},
				"down": {"uv": [11, 8, 13, 10], "texture": "#2"}
			}
		},
		{
			"from": [5.7, 2.28, 2.5],
			"to": [8, 4.58, 4],
			"faces": {
				"north": {"uv": [8, 11, 10, 13], "texture": "#2"},
				"east": {"uv": [11, 8, 13, 10], "texture": "#2"},
				"south": {"uv": [11, 8, 13, 10], "texture": "#2"},
				"west": {"uv": [11, 8, 13, 10], "texture": "#2"},
				"up": {"uv": [11, 8, 13, 10], "texture": "#2"},
				"down": {"uv": [11, 8, 13, 10], "texture": "#2"}
			}
		},
		{
			"from": [12.5, 1, 3],
			"to": [13.7, 2.3, 4],
			"faces": {
				"north": {"uv": [2, 7, 3, 8], "texture": "#2"},
				"east": {"uv": [2, 7, 3, 8], "texture": "#2"},
				"south": {"uv": [2, 7, 3, 8], "texture": "#2"},
				"west": {"uv": [2, 7, 3, 8], "texture": "#2"},
				"up": {"uv": [2, 7, 3, 8], "texture": "#2"},
				"down": {"uv": [2, 7, 3, 8], "texture": "#2"}
			}
		},
		{
			"from": [13.75, 8, 3],
			"to": [14.95, 9.3, 4],
			"faces": {
				"north": {"uv": [2, 7, 3, 8], "texture": "#2"},
				"east": {"uv": [2, 7, 3, 8], "texture": "#2"},
				"south": {"uv": [2, 7, 3, 8], "texture": "#2"},
				"west": {"uv": [2, 7, 3, 8], "texture": "#2"},
				"up": {"uv": [2, 7, 3, 8], "texture": "#2"},
				"down": {"uv": [2, 7, 3, 8], "texture": "#2"}
			}
		},
		{
			"from": [11.4, 5.7, 3],
			"to": [12.6, 7, 4],
			"faces": {
				"north": {"uv": [2, 7, 3, 8], "texture": "#2"},
				"east": {"uv": [2, 7, 3, 8], "texture": "#2"},
				"south": {"uv": [2, 7, 3, 8], "texture": "#2"},
				"west": {"uv": [2, 7, 3, 8], "texture": "#2"},
				"up": {"uv": [2, 7, 3, 8], "texture": "#2"},
				"down": {"uv": [2, 7, 3, 8], "texture": "#2"}
			}
		},
		{
			"from": [4.57, 9, 3],
			"to": [5.77, 10.3, 4],
			"faces": {
				"north": {"uv": [2, 7, 3, 8], "texture": "#2"},
				"east": {"uv": [2, 7, 3, 8], "texture": "#2"},
				"south": {"uv": [2, 7, 3, 8], "texture": "#2"},
				"west": {"uv": [2, 7, 3, 8], "texture": "#2"},
				"up": {"uv": [2, 7, 3, 8], "texture": "#2"},
				"down": {"uv": [2, 7, 3, 8], "texture": "#2"}
			}
		},
		{
			"from": [5.7, 11.3, 3],
			"to": [6.9, 12.6, 4],
			"faces": {
				"north": {"uv": [2, 7, 3, 8], "texture": "#2"},
				"east": {"uv": [2, 7, 3, 8], "texture": "#2"},
				"south": {"uv": [2, 7, 3, 8], "texture": "#2"},
				"west": {"uv": [2, 7, 3, 8], "texture": "#2"},
				"up": {"uv": [2, 7, 3, 8], "texture": "#2"},
				"down": {"uv": [2, 7, 3, 8], "texture": "#2"}
			}
		},
		{
			"from": [2.25, 13.55, 3],
			"to": [3.45, 14.85, 4],
			"faces": {
				"north": {"uv": [2, 7, 3, 8], "texture": "#2"},
				"east": {"uv": [2, 7, 3, 8], "texture": "#2"},
				"south": {"uv": [2, 7, 3, 8], "texture": "#2"},
				"west": {"uv": [2, 7, 3, 8], "texture": "#2"},
				"up": {"uv": [2, 7, 3, 8], "texture": "#2"},
				"down": {"uv": [2, 7, 3, 8], "texture": "#2"}
			}
		}
	],
	"display": {
		"thirdperson_righthand": {
			"rotation": [42.75, 0, 0],
			"translation": [0, -1, 0],
			"scale": [0.8, 0.8, 0.8]
		},
		"thirdperson_lefthand": {
			"rotation": [42.75, 0, 0],
			"translation": [0, -1, 0],
			"scale": [0.8, 0.8, 0.8]
		},
		"ground": {
			"translation": [0, 2.5, 0],
			"scale": [0.8, 0.8, 0.8]
		},
		"gui": {
			"rotation": [0, 180, 0],
			"translation": [0, 0.5, 0],
			"scale": [0.8, 0.8, 0.8]
		}
	}
}