{
	"credit": "Made with Blockbench",
	"textures": {
		"0": "blocks/iron_block",
		"2": "brockbench保存/iron_bars",
		"3": "brockbench保存/oil",
		"particle": "blocks/iron_block"
	},
	"elements": [
		{
			"from": [2, 0, 2],
			"to": [14, 1, 14],
			"faces": {
				"north": {"uv": [0, 0, 16, 16], "texture": "#0"},
				"east": {"uv": [0, 0, 16, 16], "texture": "#0"},
				"south": {"uv": [0, 0, 16, 16], "texture": "#0"},
				"west": {"uv": [0, 0, 16, 16], "texture": "#0"},
				"up": {"uv": [0, 0, 16, 16], "texture": "#0"},
				"down": {"uv": [0, 0, 16, 16], "texture": "#0"}
			}
		},
		{
			"from": [2, 1, 2],
			"to": [3, 8, 14],
			"faces": {
				"north": {"uv": [0, 0, 16, 16], "texture": "#0"},
				"east": {"uv": [0, 0, 16, 16], "texture": "#0"},
				"south": {"uv": [0, 0, 16, 16], "texture": "#0"},
				"west": {"uv": [0, 0, 16, 16], "texture": "#0"},
				"up": {"uv": [0, 0, 16, 16], "texture": "#0"},
				"down": {"uv": [0, 0, 16, 16], "texture": "#0"}
			}
		},
		{
			"from": [13, 1, 2],
			"to": [14, 8, 14],
			"faces": {
				"north": {"uv": [0, 0, 16, 16], "texture": "#0"},
				"east": {"uv": [0, 0, 16, 16], "texture": "#0"},
				"south": {"uv": [0, 0, 16, 16], "texture": "#0"},
				"west": {"uv": [0, 0, 16, 16], "texture": "#0"},
				"up": {"uv": [0, 0, 16, 16], "texture": "#0"},
				"down": {"uv": [0, 0, 16, 16], "texture": "#0"}
			}
		},
		{
			"from": [3, 1, 2],
			"to": [13, 8, 3],
			"faces": {
				"north": {"uv": [0, 0, 16, 16], "texture": "#0"},
				"east": {"uv": [0, 0, 16, 16], "texture": "#0"},
				"south": {"uv": [0, 0, 16, 16], "texture": "#0"},
				"west": {"uv": [0, 0, 16, 16], "texture": "#0"},
				"up": {"uv": [0, 0, 16, 16], "texture": "#0"},
				"down": {"uv": [0, 0, 16, 16], "texture": "#0"}
			}
		},
		{
			"from": [3, 1, 13],
			"to": [13, 8, 14],
			"faces": {
				"north": {"uv": [0, 0, 16, 16], "texture": "#0"},
				"east": {"uv": [0, 0, 16, 16], "texture": "#0"},
				"south": {"uv": [0, 0, 16, 16], "texture": "#0"},
				"west": {"uv": [0, 0, 16, 16], "texture": "#0"},
				"up": {"uv": [0, 0, 16, 16], "texture": "#0"},
				"down": {"uv": [0, 0, 16, 16], "texture": "#0"}
			}
		},
		{
			"from": [3, 1, 3],
			"to": [13, 4, 13],
			"faces": {
				"north": {"uv": [0, 0, 16, 16], "texture": "#3"},
				"east": {"uv": [0, 0, 16, 16], "texture": "#3"},
				"south": {"uv": [0, 0, 16, 16], "texture": "#3"},
				"west": {"uv": [0, 0, 16, 16], "texture": "#3"},
				"up": {"uv": [0, 0, 16, 16], "texture": "#3"},
				"down": {"uv": [0, 0, 16, 16], "texture": "#3"}
			}
		},
		{
			"from": [0, 8, 7],
			"to": [5, 9, 9],
			"faces": {
				"north": {"uv": [2, 0, 4, 2], "texture": "#2"},
				"east": {"uv": [2, 0, 4, 2], "texture": "#2"},
				"south": {"uv": [2, 0, 4, 2], "texture": "#2"},
				"west": {"uv": [2, 0, 4, 2], "texture": "#2"},
				"up": {"uv": [2, 0, 4, 2], "texture": "#2"},
				"down": {"uv": [2, 0, 4, 2], "texture": "#2"}
			}
		},
		{
			"from": [5, 8, 5],
			"to": [6, 9, 11],
			"faces": {
				"north": {"uv": [2, 0, 4, 2], "texture": "#2"},
				"east": {"uv": [2, 0, 4, 2], "texture": "#2"},
				"south": {"uv": [2, 0, 4, 2], "texture": "#2"},
				"west": {"uv": [2, 0, 4, 2], "texture": "#2"},
				"up": {"uv": [2, 0, 4, 2], "texture": "#2"},
				"down": {"uv": [2, 0, 4, 2], "texture": "#2"}
			}
		},
		{
			"from": [10, 8, 5],
			"to": [11, 9, 11],
			"faces": {
				"north": {"uv": [2, 0, 4, 2], "texture": "#2"},
				"east": {"uv": [2, 0, 4, 2], "texture": "#2"},
				"south": {"uv": [2, 0, 4, 2], "texture": "#2"},
				"west": {"uv": [2, 0, 4, 2], "texture": "#2"},
				"up": {"uv": [2, 0, 4, 2], "texture": "#2"},
				"down": {"uv": [2, 0, 4, 2], "texture": "#2"}
			}
		},
		{
			"from": [6, 8, 5],
			"to": [10, 9, 6],
			"faces": {
				"north": {"uv": [2, 0, 4, 2], "texture": "#2"},
				"east": {"uv": [2, 0, 4, 2], "texture": "#2"},
				"south": {"uv": [2, 0, 4, 2], "texture": "#2"},
				"west": {"uv": [2, 0, 4, 2], "texture": "#2"},
				"up": {"uv": [2, 0, 4, 2], "texture": "#2"},
				"down": {"uv": [2, 0, 4, 2], "texture": "#2"}
			}
		},
		{
			"from": [6, 8, 10],
			"to": [10, 9, 11],
			"faces": {
				"north": {"uv": [2, 0, 4, 2], "texture": "#2"},
				"east": {"uv": [2, 0, 4, 2], "texture": "#2"},
				"south": {"uv": [2, 0, 4, 2], "texture": "#2"},
				"west": {"uv": [2, 0, 4, 2], "texture": "#2"},
				"up": {"uv": [2, 0, 4, 2], "texture": "#2"},
				"down": {"uv": [2, 0, 4, 2], "texture": "#2"}
			}
		},
		{
			"from": [5, 4, 5],
			"to": [6, 8, 6],
			"faces": {
				"north": {"uv": [2, 0, 4, 2], "texture": "#2"},
				"east": {"uv": [2, 0, 4, 2], "texture": "#2"},
				"south": {"uv": [2, 0, 4, 2], "texture": "#2"},
				"west": {"uv": [2, 0, 4, 2], "texture": "#2"},
				"up": {"uv": [2, 0, 4, 2], "texture": "#2"},
				"down": {"uv": [2, 0, 4, 2], "texture": "#2"}
			}
		},
		{
			"from": [10, 4, 5],
			"to": [11, 8, 6],
			"faces": {
				"north": {"uv": [2, 0, 4, 2], "texture": "#2"},
				"east": {"uv": [2, 0, 4, 2], "texture": "#2"},
				"south": {"uv": [2, 0, 4, 2], "texture": "#2"},
				"west": {"uv": [2, 0, 4, 2], "texture": "#2"},
				"up": {"uv": [2, 0, 4, 2], "texture": "#2"},
				"down": {"uv": [2, 0, 4, 2], "texture": "#2"}
			}
		},
		{
			"from": [10, 4, 10],
			"to": [11, 8, 11],
			"faces": {
				"north": {"uv": [2, 0, 4, 2], "texture": "#2"},
				"east": {"uv": [2, 0, 4, 2], "texture": "#2"},
				"south": {"uv": [2, 0, 4, 2], "texture": "#2"},
				"west": {"uv": [2, 0, 4, 2], "texture": "#2"},
				"up": {"uv": [2, 0, 4, 2], "texture": "#2"},
				"down": {"uv": [2, 0, 4, 2], "texture": "#2"}
			}
		},
		{
			"from": [5, 4, 10],
			"to": [6, 8, 11],
			"faces": {
				"north": {"uv": [2, 0, 4, 2], "texture": "#2"},
				"east": {"uv": [2, 0, 4, 2], "texture": "#2"},
				"south": {"uv": [2, 0, 4, 2], "texture": "#2"},
				"west": {"uv": [2, 0, 4, 2], "texture": "#2"},
				"up": {"uv": [2, 0, 4, 2], "texture": "#2"},
				"down": {"uv": [2, 0, 4, 2], "texture": "#2"}
			}
		},
		{
			"from": [5, 4, 6],
			"to": [6, 4.25, 10],
			"faces": {
				"north": {"uv": [2, 0, 4, 2], "texture": "#2"},
				"east": {"uv": [2, 0, 4, 2], "texture": "#2"},
				"south": {"uv": [2, 0, 4, 2], "texture": "#2"},
				"west": {"uv": [2, 0, 4, 2], "texture": "#2"},
				"up": {"uv": [2, 0, 4, 2], "texture": "#2"},
				"down": {"uv": [2, 0, 4, 2], "texture": "#2"}
			}
		},
		{
			"from": [10, 4, 6],
			"to": [11, 4.25, 10],
			"faces": {
				"north": {"uv": [2, 0, 4, 2], "texture": "#2"},
				"east": {"uv": [2, 0, 4, 2], "texture": "#2"},
				"south": {"uv": [2, 0, 4, 2], "texture": "#2"},
				"west": {"uv": [2, 0, 4, 2], "texture": "#2"},
				"up": {"uv": [2, 0, 4, 2], "texture": "#2"},
				"down": {"uv": [2, 0, 4, 2], "texture": "#2"}
			}
		},
		{
			"from": [6, 4, 10],
			"to": [10, 4.25, 11],
			"faces": {
				"north": {"uv": [2, 0, 4, 2], "rotation": 90, "texture": "#2"},
				"east": {"uv": [2, 0, 4, 2], "rotation": 90, "texture": "#2"},
				"south": {"uv": [2, 0, 4, 2], "rotation": 90, "texture": "#2"},
				"west": {"uv": [2, 0, 4, 2], "rotation": 90, "texture": "#2"},
				"up": {"uv": [2, 0, 4, 2], "rotation": 90, "texture": "#2"},
				"down": {"uv": [2, 0, 4, 2], "rotation": 90, "texture": "#2"}
			}
		},
		{
			"from": [6, 4, 5],
			"to": [10, 4.25, 6],
			"faces": {
				"north": {"uv": [2, 0, 4, 2], "rotation": 90, "texture": "#2"},
				"east": {"uv": [2, 0, 4, 2], "rotation": 90, "texture": "#2"},
				"south": {"uv": [2, 0, 4, 2], "rotation": 90, "texture": "#2"},
				"west": {"uv": [2, 0, 4, 2], "rotation": 90, "texture": "#2"},
				"up": {"uv": [2, 0, 4, 2], "rotation": 90, "texture": "#2"},
				"down": {"uv": [2, 0, 4, 2], "rotation": 90, "texture": "#2"}
			}
		},
		{
			"from": [8.5, 4.25, 5],
			"to": [9.25, 8, 5.25],
			"faces": {
				"north": {"uv": [2, 0, 4, 2], "texture": "#2"},
				"east": {"uv": [2, 0, 4, 2], "texture": "#2"},
				"south": {"uv": [2, 0, 4, 2], "texture": "#2"},
				"west": {"uv": [2, 0, 4, 2], "texture": "#2"},
				"up": {"uv": [2, 0, 4, 2], "texture": "#2"},
				"down": {"uv": [2, 0, 4, 2], "texture": "#2"}
			}
		},
		{
			"from": [6.75, 4.25, 5],
			"to": [7.5, 8, 5.25],
			"faces": {
				"north": {"uv": [2, 0, 4, 2], "texture": "#2"},
				"east": {"uv": [2, 0, 4, 2], "texture": "#2"},
				"south": {"uv": [2, 0, 4, 2], "texture": "#2"},
				"west": {"uv": [2, 0, 4, 2], "texture": "#2"},
				"up": {"uv": [2, 0, 4, 2], "texture": "#2"},
				"down": {"uv": [2, 0, 4, 2], "texture": "#2"}
			}
		},
		{
			"from": [10.75, 4.25, 6.75],
			"to": [11, 8, 7.5],
			"faces": {
				"north": {"uv": [2, 0, 4, 2], "rotation": 90, "texture": "#2"},
				"east": {"uv": [2, 0, 4, 2], "rotation": 90, "texture": "#2"},
				"south": {"uv": [2, 0, 4, 2], "rotation": 90, "texture": "#2"},
				"west": {"uv": [2, 0, 4, 2], "rotation": 90, "texture": "#2"},
				"up": {"uv": [2, 0, 4, 2], "rotation": 90, "texture": "#2"},
				"down": {"uv": [2, 0, 4, 2], "rotation": 90, "texture": "#2"}
			}
		},
		{
			"from": [10.75, 4.25, 8.75],
			"to": [11, 8, 9.5],
			"faces": {
				"north": {"uv": [2, 0, 4, 2], "rotation": 90, "texture": "#2"},
				"east": {"uv": [2, 0, 4, 2], "rotation": 90, "texture": "#2"},
				"south": {"uv": [2, 0, 4, 2], "rotation": 90, "texture": "#2"},
				"west": {"uv": [2, 0, 4, 2], "rotation": 90, "texture": "#2"},
				"up": {"uv": [2, 0, 4, 2], "rotation": 90, "texture": "#2"},
				"down": {"uv": [2, 0, 4, 2], "rotation": 90, "texture": "#2"}
			}
		},
		{
			"from": [5, 4.25, 6.75],
			"to": [5.25, 8, 7.5],
			"faces": {
				"north": {"uv": [2, 0, 4, 2], "rotation": 270, "texture": "#2"},
				"east": {"uv": [2, 0, 4, 2], "rotation": 270, "texture": "#2"},
				"south": {"uv": [2, 0, 4, 2], "rotation": 270, "texture": "#2"},
				"west": {"uv": [2, 0, 4, 2], "rotation": 270, "texture": "#2"},
				"up": {"uv": [2, 0, 4, 2], "rotation": 270, "texture": "#2"},
				"down": {"uv": [2, 0, 4, 2], "rotation": 270, "texture": "#2"}
			}
		},
		{
			"from": [5, 4.25, 8.5],
			"to": [5.25, 8, 9.25],
			"faces": {
				"north": {"uv": [2, 0, 4, 2], "rotation": 270, "texture": "#2"},
				"east": {"uv": [2, 0, 4, 2], "rotation": 270, "texture": "#2"},
				"south": {"uv": [2, 0, 4, 2], "rotation": 270, "texture": "#2"},
				"west": {"uv": [2, 0, 4, 2], "rotation": 270, "texture": "#2"},
				"up": {"uv": [2, 0, 4, 2], "rotation": 270, "texture": "#2"},
				"down": {"uv": [2, 0, 4, 2], "rotation": 270, "texture": "#2"}
			}
		},
		{
			"from": [6.75, 4.25, 10.75],
			"to": [7.5, 8, 11],
			"faces": {
				"north": {"uv": [2, 0, 4, 2], "texture": "#2"},
				"east": {"uv": [2, 0, 4, 2], "texture": "#2"},
				"south": {"uv": [2, 0, 4, 2], "texture": "#2"},
				"west": {"uv": [2, 0, 4, 2], "texture": "#2"},
				"up": {"uv": [2, 0, 4, 2], "texture": "#2"},
				"down": {"uv": [2, 0, 4, 2], "texture": "#2"}
			}
		},
		{
			"from": [8.5, 4.25, 10.75],
			"to": [9.25, 8, 11],
			"faces": {
				"north": {"uv": [2, 0, 4, 2], "texture": "#2"},
				"east": {"uv": [2, 0, 4, 2], "texture": "#2"},
				"south": {"uv": [2, 0, 4, 2], "texture": "#2"},
				"west": {"uv": [2, 0, 4, 2], "texture": "#2"},
				"up": {"uv": [2, 0, 4, 2], "texture": "#2"},
				"down": {"uv": [2, 0, 4, 2], "texture": "#2"}
			}
		},
		{
			"from": [6, 5.5, 5],
			"to": [10, 6.5, 5.25],
			"faces": {
				"north": {"uv": [2, 0, 4, 2], "texture": "#2"},
				"east": {"uv": [2, 0, 4, 2], "texture": "#2"},
				"south": {"uv": [2, 0, 4, 2], "texture": "#2"},
				"west": {"uv": [2, 0, 4, 2], "texture": "#2"},
				"up": {"uv": [2, 0, 4, 2], "texture": "#2"},
				"down": {"uv": [2, 0, 4, 2], "texture": "#2"}
			}
		},
		{
			"from": [6, 5.5, 10.75],
			"to": [10, 6.5, 11],
			"faces": {
				"north": {"uv": [2, 0, 4, 2], "texture": "#2"},
				"east": {"uv": [2, 0, 4, 2], "texture": "#2"},
				"south": {"uv": [2, 0, 4, 2], "texture": "#2"},
				"west": {"uv": [2, 0, 4, 2], "texture": "#2"},
				"up": {"uv": [2, 0, 4, 2], "texture": "#2"},
				"down": {"uv": [2, 0, 4, 2], "texture": "#2"}
			}
		},
		{
			"from": [10.75, 5.5, 6],
			"to": [11, 6.5, 10],
			"faces": {
				"north": {"uv": [2, 0, 4, 2], "rotation": 270, "texture": "#2"},
				"east": {"uv": [2, 0, 4, 2], "rotation": 270, "texture": "#2"},
				"south": {"uv": [2, 0, 4, 2], "rotation": 270, "texture": "#2"},
				"west": {"uv": [2, 0, 4, 2], "rotation": 270, "texture": "#2"},
				"up": {"uv": [2, 0, 4, 2], "rotation": 270, "texture": "#2"},
				"down": {"uv": [2, 0, 4, 2], "rotation": 270, "texture": "#2"}
			}
		},
		{
			"from": [5, 5.5, 6],
			"to": [5.25, 6.5, 10],
			"faces": {
				"north": {"uv": [2, 0, 4, 2], "rotation": 270, "texture": "#2"},
				"east": {"uv": [2, 0, 4, 2], "rotation": 270, "texture": "#2"},
				"south": {"uv": [2, 0, 4, 2], "rotation": 270, "texture": "#2"},
				"west": {"uv": [2, 0, 4, 2], "rotation": 270, "texture": "#2"},
				"up": {"uv": [2, 0, 4, 2], "rotation": 270, "texture": "#2"},
				"down": {"uv": [2, 0, 4, 2], "rotation": 270, "texture": "#2"}
			}
		},
		{
			"from": [6, 4, 6.75],
			"to": [10, 4.25, 7.5],
			"faces": {
				"north": {"uv": [2, 0, 4, 2], "texture": "#2"},
				"east": {"uv": [2, 0, 4, 2], "texture": "#2"},
				"south": {"uv": [2, 0, 4, 2], "texture": "#2"},
				"west": {"uv": [2, 0, 4, 2], "texture": "#2"},
				"up": {"uv": [2, 0, 4, 2], "texture": "#2"},
				"down": {"uv": [2, 0, 4, 2], "texture": "#2"}
			}
		},
		{
			"from": [6, 4, 8.5],
			"to": [10, 4.25, 9.25],
			"faces": {
				"north": {"uv": [2, 0, 4, 2], "texture": "#2"},
				"east": {"uv": [2, 0, 4, 2], "texture": "#2"},
				"south": {"uv": [2, 0, 4, 2], "texture": "#2"},
				"west": {"uv": [2, 0, 4, 2], "texture": "#2"},
				"up": {"uv": [2, 0, 4, 2], "texture": "#2"},
				"down": {"uv": [2, 0, 4, 2], "texture": "#2"}
			}
		},
		{
			"from": [6.75, 4, 6],
			"to": [7.5, 4.25, 10],
			"faces": {
				"north": {"uv": [2, 0, 4, 2], "rotation": 90, "texture": "#2"},
				"east": {"uv": [2, 0, 4, 2], "rotation": 90, "texture": "#2"},
				"south": {"uv": [2, 0, 4, 2], "rotation": 90, "texture": "#2"},
				"west": {"uv": [2, 0, 4, 2], "rotation": 90, "texture": "#2"},
				"up": {"uv": [2, 0, 4, 2], "rotation": 90, "texture": "#2"},
				"down": {"uv": [2, 0, 4, 2], "rotation": 90, "texture": "#2"}
			}
		},
		{
			"from": [8.5, 4, 6],
			"to": [9.25, 4.25, 10],
			"faces": {
				"north": {"uv": [2, 0, 4, 2], "rotation": 90, "texture": "#2"},
				"east": {"uv": [2, 0, 4, 2], "rotation": 90, "texture": "#2"},
				"south": {"uv": [2, 0, 4, 2], "rotation": 90, "texture": "#2"},
				"west": {"uv": [2, 0, 4, 2], "rotation": 90, "texture": "#2"},
				"up": {"uv": [2, 0, 4, 2], "rotation": 90, "texture": "#2"},
				"down": {"uv": [2, 0, 4, 2], "rotation": 90, "texture": "#2"}
			}
		}
	],
	"display": {
		"thirdperson_righthand": {
			"translation": [0, 2, 0],
			"scale": [0.5, 0.5, 0.5]
		},
		"thirdperson_lefthand": {
			"translation": [0, 2, 0],
			"scale": [0.5, 0.5, 0.5]
		},
		"ground": {
			"scale": [0.5, 0.5, 0.5]
		},
		"gui": {
			"rotation": [35, 25, 0],
			"translation": [0, 3.75, 0]
		}
	},
	"groups": [
		{
			"name": "group",
			"origin": [8, 8, 8],
			"children": [0, 1, 2, 3, 4]
		}, 5,
		{
			"name": "group",
			"origin": [8, 8, 8],
			"children": [6, 7, 8, 9, 10, 11, 12, 13, 14, 15, 16, 17, 18, 19, 20, 21, 22, 23, 24, 25, 26, 27, 28, 29, 30, 31, 32, 33, 34]
		}
	]
}