{
	"credit": "Made with Blockbench",
	"textures": {
		"0": "block/buns",
		"1": "block/salad",
		"2": "block/beef",
		"3": "block/beacon",
		"particle": "block/buns"
	},
	"elements": [
		{
			"from": [5, 1, 4],
			"to": [11, 2, 12],
			"rotation": {"angle": 0, "axis": "y", "origin": [13, 9, 13]},
			"faces": {
				"north": {"uv": [0, 0, 6, 8], "texture": "#0"},
				"east": {"uv": [0, 0, 6, 8], "texture": "#0"},
				"south": {"uv": [0, 0, 6, 8], "texture": "#0"},
				"west": {"uv": [0, 0, 6, 8], "texture": "#0"},
				"up": {"uv": [0, 0, 6, 8], "texture": "#0"},
				"down": {"uv": [0, 0, 6, 8], "texture": "#0"}
			}
		},
		{
			"from": [4, 1, 5],
			"to": [12, 2, 11],
			"rotation": {"angle": 0, "axis": "y", "origin": [12, 9, 13]},
			"faces": {
				"north": {"uv": [0, 0, 8, 6], "texture": "#0"},
				"east": {"uv": [0, 0, 8, 6], "texture": "#0"},
				"south": {"uv": [0, 0, 8, 6], "texture": "#0"},
				"west": {"uv": [0, 0, 8, 6], "texture": "#0"},
				"up": {"uv": [0, 0, 8, 6], "texture": "#0"},
				"down": {"uv": [0, 0, 8, 6], "texture": "#0"}
			}
		},
		{
			"from": [5, 5, 4],
			"to": [11, 6, 12],
			"rotation": {"angle": 0, "axis": "y", "origin": [13, -2, 13]},
			"faces": {
				"north": {"uv": [0, 8, 6, 0], "texture": "#0"},
				"east": {"uv": [0, 8, 6, 0], "texture": "#0"},
				"south": {"uv": [0, 8, 6, 0], "texture": "#0"},
				"west": {"uv": [0, 8, 6, 0], "texture": "#0"},
				"up": {"uv": [0, 8, 6, 0], "texture": "#0"},
				"down": {"uv": [0, 8, 6, 0], "texture": "#0"}
			}
		},
		{
			"from": [5, 6, 5],
			"to": [11, 7, 11],
			"rotation": {"angle": 0, "axis": "y", "origin": [13, -1, 13]},
			"faces": {
				"north": {"uv": [0, 6, 6, 0], "texture": "#0"},
				"east": {"uv": [0, 6, 6, 0], "texture": "#0"},
				"south": {"uv": [0, 6, 6, 0], "texture": "#0"},
				"west": {"uv": [0, 6, 6, 0], "texture": "#0"},
				"up": {"uv": [10, 16, 16, 10], "texture": "#0"},
				"down": {"uv": [0, 6, 6, 0], "texture": "#0"}
			}
		},
		{
			"from": [4, 5, 5],
			"to": [12, 6, 11],
			"rotation": {"angle": 0, "axis": "y", "origin": [12, -2, 13]},
			"faces": {
				"north": {"uv": [0, 6, 8, 0], "texture": "#0"},
				"east": {"uv": [0, 6, 8, 0], "texture": "#0"},
				"south": {"uv": [0, 6, 8, 0], "texture": "#0"},
				"west": {"uv": [0, 6, 8, 0], "texture": "#0"},
				"up": {"uv": [0, 6, 8, 0], "texture": "#0"},
				"down": {"uv": [0, 6, 8, 0], "texture": "#0"}
			}
		},
		{
			"from": [5, 0, 5],
			"to": [11, 1, 11],
			"rotation": {"angle": 0, "axis": "y", "origin": [13, 8, 13]},
			"faces": {
				"north": {"uv": [0, 0, 6, 6], "texture": "#0"},
				"east": {"uv": [0, 0, 6, 6], "texture": "#0"},
				"south": {"uv": [0, 0, 6, 6], "texture": "#0"},
				"west": {"uv": [0, 0, 6, 6], "texture": "#0"},
				"up": {"uv": [0, 0, 6, 6], "texture": "#0"},
				"down": {"uv": [0, 0, 6, 6], "texture": "#0"}
			}
		},
		{
			"from": [4, 2, 4],
			"to": [12, 3, 12],
			"rotation": {"angle": 0, "axis": "y", "origin": [13, 10, 13]},
			"faces": {
				"north": {"uv": [0, 0, 8, 8], "texture": "#1"},
				"east": {"uv": [0, 0, 8, 8], "texture": "#1"},
				"south": {"uv": [0, 0, 8, 8], "texture": "#1"},
				"west": {"uv": [0, 0, 8, 8], "texture": "#1"},
				"up": {"uv": [0, 0, 8, 8], "texture": "#1"},
				"down": {"uv": [0, 0, 8, 8], "texture": "#1"}
			}
		},
		{
			"from": [5, 3, 5],
			"to": [11, 4, 11],
			"rotation": {"angle": 0, "axis": "y", "origin": [14, 11, 13]},
			"faces": {
				"north": {"uv": [0, 0, 6, 6], "texture": "#2"},
				"east": {"uv": [0, 0, 6, 6], "texture": "#2"},
				"south": {"uv": [0, 0, 6, 6], "texture": "#2"},
				"west": {"uv": [0, 0, 6, 6], "texture": "#2"},
				"up": {"uv": [0, 0, 6, 6], "texture": "#2"},
				"down": {"uv": [0, 0, 6, 6], "texture": "#2"}
			}
		},
		{
			"from": [4, 4, 8.5],
			"to": [12, 5, 10.5],
			"rotation": {"angle": 0, "axis": "y", "origin": [12, 12, 17.5]},
			"faces": {
				"north": {"uv": [0, 0, 8, 2], "texture": "#3"},
				"east": {"uv": [0, 0, 8, 2], "texture": "#3"},
				"south": {"uv": [0, 0, 8, 2], "texture": "#3"},
				"west": {"uv": [0, 0, 8, 2], "texture": "#3"},
				"up": {"uv": [0, 0, 8, 2], "texture": "#3"},
				"down": {"uv": [0, 0, 8, 2], "texture": "#3"}
			}
		},
		{
			"from": [4, 4, 5.5],
			"to": [12, 5, 7.5],
			"rotation": {"angle": 0, "axis": "y", "origin": [12, 12, 14.5]},
			"faces": {
				"north": {"uv": [8, 14, 16, 16], "texture": "#3"},
				"east": {"uv": [8, 14, 16, 16], "texture": "#3"},
				"south": {"uv": [8, 14, 16, 16], "texture": "#3"},
				"west": {"uv": [8, 14, 16, 16], "texture": "#3"},
				"up": {"uv": [8, 14, 16, 16], "texture": "#3"},
				"down": {"uv": [8, 14, 16, 16], "texture": "#3"}
			}
		}
	],
	"display": {
		"thirdperson_righthand": {
			"translation": [0, 3.5, 0]
		},
		"thirdperson_lefthand": {
			"translation": [0, 3.5, 0]
		},
		"firstperson_righthand": {
			"translation": [0, 3.5, 0]
		},
		"firstperson_lefthand": {
			"translation": [0, 3.5, 0]
		},
		"ground": {
			"translation": [0, 3.5, 0]
		},
		"gui": {
			"rotation": [30, -30, 0],
			"translation": [0, 3.5, 0]
		},
		"fixed": {
			"translation": [0, 3.5, 0]
		}
	}
}