{
  "group": "foods_craft",
  "type": "minecraft:crafting_shaped",
  "pattern": [
    "01 ",
    "3 5",
    "67 "
  ],
  "key": {
    "0": {
      "item": "minecraft:wheat"
    },
    "1": {
      "item": "foods_craft:driedbread"
    },
    "3": {
      "item": "minecraft:wheat"
    },
    "5": {
      "item": "foods_craft:driedbread"
    },
    "6": {
      "item": "minecraft:wheat"
    },
    "7": {
      "item": "foods_craft:driedbread"
    }
  },
  "result": {
    "item": "foods_craft:breadbow",
    "count": 1
  }
}