{
  "group": "foods_craft",
  "type": "minecraft:crafting_shaped",
  "pattern": [
    " 12",
    "3 5",
    " 78"
  ],
  "key": {
    "1": {
      "item": "foods_craft:driedbread"
    },
    "2": {
      "item": "minecraft:wheat"
    },
    "3": {
      "item": "foods_craft:driedbread"
    },
    "5": {
      "item": "minecraft:wheat"
    },
    "7": {
      "item": "foods_craft:driedbread"
    },
    "8": {
      "item": "minecraft:wheat"
    }
  },
  "result": {
    "item": "foods_craft:breadbow",
    "count": 1
  }
}