{
  "credit": "Made with Blockbench",
  "elements": [
    {
      "from": [
        2,
        0,
        4
      ],
      "to": [
        14,
        1,
        12
      ],
      "faces": {
        "north": {
          "uv": [
            0,
            0,
            16,
            16
          ],
          "texture": "#1"
        },
        "east": {
          "uv": [
            0,
            0,
            16,
            16
          ],
          "texture": "#1"
        },
        "south": {
          "uv": [
            0,
            0,
            16,
            16
          ],
          "texture": "#1"
        },
        "west": {
          "uv": [
            0,
            0,
            16,
            16
          ],
          "texture": "#1"
        },
        "up": {
          "uv": [
            0,
            0,
            16,
            16
          ],
          "texture": "#0"
        },
        "down": {
          "uv": [
            0,
            0,
            16,
            16
          ],
          "texture": "#2"
        }
      }
    }
  ],
  "display": {
    "thirdperson_righthand": {
      "translation": [
        0,
        5.5,
        -1.75
      ]
    },
    "thirdperson_lefthand": {
      "translation": [
        0,
        5.5,
        -2.25
      ]
    },
    "firstperson_righthand": {
      "translation": [
        0,
        8,
        0
      ]
    },
    "firstperson_lefthand": {
      "translation": [
        0,
        7.75,
        0
      ]
    },
    "ground": {
      "translation": [
        0,
        3.75,
        0
      ]
    },
    "gui": {
      "rotation": [
        90,
        0,
        0
      ]
    },
    "fixed": {
      "rotation": [
        -90,
        0,
        0
      ],
      "translation": [
        0,
        0,
        -7.75
      ]
    }
  }
}