{
  "credit": "Made with Blockbench",
  "elements": [
    {
      "from": [
        7.75,
        7.75,
        2.5
      ],
      "to": [
        8.25,
        8.25,
        5.5
      ],
      "faces": {
        "north": {
          "uv": [
            0,
            0,
            0.5,
            3
          ],
          "texture": "#2"
        },
        "east": {
          "uv": [
            0,
            0,
            0.5,
            3
          ],
          "texture": "#2"
        },
        "south": {
          "uv": [
            0,
            0,
            0.5,
            3
          ],
          "texture": "#2"
        },
        "west": {
          "uv": [
            0,
            0,
            0.5,
            3
          ],
          "texture": "#2"
        },
        "up": {
          "uv": [
            0,
            0,
            0.5,
            3
          ],
          "texture": "#2"
        },
        "down": {
          "uv": [
            0,
            0,
            0.5,
            3
          ],
          "texture": "#2"
        }
      }
    },
    {
      "from": [
        7.65,
        7.65,
        5.5
      ],
      "to": [
        8.35,
        8.35,
        8.5
      ],
      "faces": {
        "north": {
          "uv": [
            0,
            0,
            3,
            0.7
          ],
          "texture": "#1"
        },
        "east": {
          "uv": [
            0,
            0,
            3,
            0.7
          ],
          "texture": "#1"
        },
        "south": {
          "uv": [
            0,
            0,
            3,
            0.7
          ],
          "texture": "#1"
        },
        "west": {
          "uv": [
            0,
            0,
            3,
            0.7
          ],
          "texture": "#1"
        },
        "up": {
          "uv": [
            0,
            0,
            3,
            0.7
          ],
          "texture": "#1"
        },
        "down": {
          "uv": [
            0,
            0,
            3,
            0.7
          ],
          "texture": "#1"
        }
      }
    },
    {
      "from": [
        7.5,
        7.5,
        8.5
      ],
      "to": [
        8.5,
        8.5,
        13.5
      ],
      "faces": {
        "north": {
          "uv": [
            0,
            0,
            5,
            1
          ],
          "texture": "#0"
        },
        "east": {
          "uv": [
            0,
            0,
            5,
            1
          ],
          "texture": "#0"
        },
        "south": {
          "uv": [
            0,
            0,
            5,
            1
          ],
          "texture": "#0"
        },
        "west": {
          "uv": [
            0,
            0,
            5,
            1
          ],
          "texture": "#0"
        },
        "up": {
          "uv": [
            0,
            0,
            5,
            1
          ],
          "texture": "#0"
        },
        "down": {
          "uv": [
            0,
            0,
            5,
            1
          ],
          "texture": "#0"
        }
      }
    }
  ],
  "display": {
    "ground": {
      "translation": [
        0,
        -2.5,
        0
      ]
    },
    "gui": {
      "rotation": [
        90,
        -45,
        0
      ],
      "scale": [
        1.5,
        1.5,
        1.5
      ]
    }
  }
}